rank,image,distance
1,04.jpg,0.80544531
2,08.jpg,0.80636088
3,10.jpg,0.97235342
4,09.jpg,1.02193536
5,05.jpg,1.02761261
6,12.jpg,1.06631137
7,02.jpg,1.06928872
8,11.jpg,1.16525846
9,07.jpg,1.21702538
10,06.jpg,1.29060021
11,03.jpg,1.32819847
