rank,image,distance
1,08.jpg,0.60678268
2,01.jpg,0.80544531
3,11.jpg,0.84477152
4,02.jpg,0.90147923
5,05.jpg,1.18496524
6,10.jpg,1.19364973
7,06.jpg,1.21464081
8,03.jpg,1.24079925
9,12.jpg,1.27081749
10,09.jpg,1.45047018
11,07.jpg,1.51417019
