rank,image,distance
1,03.jpg,0.71910635
2,11.jpg,0.81492312
3,09.jpg,1.01460752
4,12.jpg,1.03788411
5,07.jpg,1.03823249
6,02.jpg,1.09085623
7,08.jpg,1.10697327
8,04.jpg,1.21464081
9,05.jpg,1.24583731
10,01.jpg,1.29060021
11,10.jpg,1.33214480
